<?xml version="1.0" encoding="UTF-8"?>
<words>
	<word>
		<category>Adj.</category>
		<text>airtight</text>
	</word>
	<word>
		<category>Adj.</category>
		<text>cutthroat</text>
	</word>
	<word>
		<category>Adj.</category>
		<text>downright</text>
	</word>
	<word>
		<category>Adj.</category>
		<text>firsthand</text>
	</word>
	<word>
		<category>Adj.</category>
		<text>farsighted</text>
	</word>
	<word>
		<category>Adj.</category>
		<text>foolproof</text>
	</word>
	<word>
		<category>Adj.</category>
		<text>handmade</text>
	</word>
	<word>
		<category>Adj.</category>
		<text>hardheaded</text>
	</word>
	<word>
		<category>Adj.</category>
		<text>homesick</text>
	</word>
	<word>
		<category>Adj.</category>
		<text>hotheaded</text>
	</word>
	<word>
		<category>Adj.</category>
		<text>humdrum</text>
	</word>
	<word>
		<category>Adj.</category>
		<text>leftover</text>
	</word>
	<word>
		<category>Adj.</category>
		<text>lukewarm</text>
	</word>
	<word>
		<category>Adj.</category>
		<text>moonstruck</text>
	</word>
	<word>
		<category>Adj.</category>
		<text>newsworthy</text>
	</word>
	<word>
		<category>Adj.</category>
		<text>noteworthy</text>
	</word>
	<word>
		<category>Adj.</category>
		<text>offline</text>
	</word>
	<word>
		<category>Adj.</category>
		<text>offside</text>
	</word>
	<word>
		<category>Adj.</category>
		<text>online</text>
	</word>
	<word>
		<category>Adj.</category>
		<text>outgoing</text>
	</word>
	<word>
		<category>Adj.</category>
		<text>outlying</text>
	</word>
	<word>
		<category>Adj.</category>
		<text>outspoken</text>
	</word>
	<word>
		<category>Adj.</category>
		<text>overactive</text>
	</word>
	<word>
		<category>Adj.</category>
		<text>overdue</text>
	</word>
	<word>
		<category>Adj.</category>
		<text>overheated</text>
	</word>
	<word>
		<category>Adj.</category>
		<text>overloaded</text>
	</word>
	<word>
		<category>Adj.</category>
		<text>overrated</text>
	</word>
	<word>
		<category>Adj.</category>
		<text>overtaxed</text>
	</word>
	<word>
		<category>Adj.</category>
		<text>overused</text>
	</word>
	<word>
		<category>Adj.</category>
		<text>overvalued</text>
	</word>
	<word>
		<category>Adj.</category>
		<text>overweight</text>
	</word>
	<word>
		<category>Adj.</category>
		<text>purebred</text>
	</word>
	<word>
		<category>Adj.</category>
		<text>secondhand</text>
	</word>
	<word>
		<category>Adj.</category>
		<text>shipshape</text>
	</word>
	<word>
		<category>Adj.</category>
		<text>sideways</text>
	</word>
	<word>
		<category>Adj.</category>
		<text>snubnosed</text>
	</word>
	<word>
		<category>Adj.</category>
		<text>somewhat</text>
	</word>
	<word>
		<category>Adj.</category>
		<text>telltale</text>
	</word>
	<word>
		<category>Adj.</category>
		<text>upbeat</text>
	</word>
	<word>
		<category>Adj.</category>
		<text>upcoming</text>
	</word>
	<word>
		<category>Adj.</category>
		<text>updated</text>
	</word>
	<word>
		<category>Adj.</category>
		<text>upright</text>
	</word>
	<word>
		<category>Adj.</category>
		<text>upstanding</text>
	</word>
	<word>
		<category>Adj.</category>
		<text>waterproof</text>
	</word>
	<word>
		<category>Adj.</category>
		<text>watertight</text>
	</word>
	<word>
		<category>Adj.</category>
		<text>widespread</text>
	</word>
	<word>
		<category>Adj.</category>
		<text>worldwide</text>
	</word>
	<word>
		<category>Adj.</category>
		<text>worthwhile</text>
	</word>
	<word>
		<category>Adj.</category>
		<text>zigzag</text>
	</word>
	<word>
		<category>Medical</category>
		<text>armpit</text>
	</word>
	<word>
		<category>Medical</category>
		<text>backbone</text>
	</word>
	<word>
		<category>Medical</category>
		<text>bellyache</text>
	</word>
	<word>
		<category>Medical</category>
		<text>breastbone</text>
	</word>
	<word>
		<category>Medical</category>
		<text>earache</text>
	</word>
	<word>
		<category>Medical</category>
		<text>eardrum</text>
	</word>
	<word>
		<category>Medical</category>
		<text>earlobe</text>
	</word>
	<word>
		<category>Medical</category>
		<text>eyeball</text>
	</word>
	<word>
		<category>Medical</category>
		<text>eyebrow</text>
	</word>
	<word>
		<category>Medical</category>
		<text>eyeglasses</text>
	</word>
	<word>
		<category>Medical</category>
		<text>eyelash</text>
	</word>
	<word>
		<category>Medical</category>
		<text>eyelid</text>
	</word>
	<word>
		<category>Medical</category>
		<text>eyesight</text>
	</word>
	<word>
		<category>Medical</category>
		<text>farsighted</text>
	</word>
	<word>
		<category>Medical</category>
		<text>fingernail</text>
	</word>
	<word>
		<category>Medical</category>
		<text>fingertip</text>
	</word>
	<word>
		<category>Medical</category>
		<text>frostbite</text>
	</word>
	<word>
		<category>Medical</category>
		<text>gallstone</text>
	</word>
	<word>
		<category>Medical</category>
		<text>headache</text>
	</word>
	<word>
		<category>Medical</category>
		<text>hangnail</text>
	</word>
	<word>
		<category>Medical</category>
		<text>hairline</text>
	</word>
	<word>
		<category>Medical</category>
		<text>heartbeat</text>
	</word>
	<word>
		<category>Medical</category>
		<text>heartburn</text>
	</word>
	<word>
		<category>Medical</category>
		<text>heatstroke</text>
	</word>
	<word>
		<category>Medical</category>
		<text>kneecap</text>
	</word>
	<word>
		<category>Medical</category>
		<text>nosebleed</text>
	</word>
	<word>
		<category>Medical</category>
		<text>overdose</text>
	</word>
	<word>
		<category>Medical</category>
		<text>pacemaker</text>
	</word>
	<word>
		<category>Medical</category>
		<text>smallpox</text>
	</word>
	<word>
		<category>Medical</category>
		<text>sunburn</text>
	</word>
	<word>
		<category>Medical</category>
		<text>sunstroke</text>
	</word>
	<word>
		<category>Medical</category>
		<text>thighbone</text>
	</word>
	<word>
		<category>Medical</category>
		<text>toenail</text>
	</word>
	<word>
		<category>Medical</category>
		<text>underarm</text>
	</word>
	<word>
		<category>Medical</category>
		<text>waistline</text>
	</word>
	<word>
		<category>Medical</category>
		<text>windpipe</text>
	</word>
	<word>
		<category>Animal</category>
		<text>angelfish</text>
	</word>
	<word>
		<category>Animal</category>
		<text>beehive</text>
	</word>
	<word>
		<category>Animal</category>
		<text>blackbird</text>
	</word>
	<word>
		<category>Animal</category>
		<text>bluebird</text>
	</word>
	<word>
		<category>Animal</category>
		<text>bobcat</text>
	</word>
	<word>
		<category>Animal</category>
		<text>bobtail</text>
	</word>
	<word>
		<category>Animal</category>
		<text>bookworm</text>
	</word>
	<word>
		<category>Animal</category>
		<text>bulldog</text>
	</word>
	<word>
		<category>Animal</category>
		<text>bullfrog</text>
	</word>
	<word>
		<category>Animal</category>
		<text>butterfly</text>
	</word>
	<word>
		<category>Animal</category>
		<text>catfish</text>
	</word>
	<word>
		<category>Animal</category>
		<text>cobweb</text>
	</word>
	<word>
		<category>Animal</category>
		<text>cottontail</text>
	</word>
	<word>
		<category>Animal</category>
		<text>crawfish</text>
	</word>
	<word>
		<category>Animal</category>
		<text>dogfish</text>
	</word>
	<word>
		<category>Animal</category>
		<text>dragonfly</text>
	</word>
	<word>
		<category>Animal</category>
		<text>duckbill</text>
	</word>
	<word>
		<category>Animal</category>
		<text>earthworm</text>
	</word>
	<word>
		<category>Animal</category>
		<text>earwig</text>
	</word>
	<word>
		<category>Animal</category>
		<text>firefly</text>
	</word>
	<word>
		<category>Animal</category>
		<text>fishbowl</text>
	</word>
	<word>
		<category>Animal</category>
		<text>flatfish</text>
	</word>
	<word>
		<category>Animal</category>
		<text>glowworm</text>
	</word>
	<word>
		<category>Animal</category>
		<text>goldfish</text>
	</word>
	<word>
		<category>Animal</category>
		<text>greyhound</text>
	</word>
	<word>
		<category>Animal</category>
		<text>hammerhead</text>
	</word>
	<word>
		<category>Animal</category>
		<text>hedgehog</text>
	</word>
	<word>
		<category>Animal</category>
		<text>honeybee</text>
	</word>
	<word>
		<category>Animal</category>
		<text>hookworm</text>
	</word>
	<word>
		<category>Animal</category>
		<text>horsefly</text>
	</word>
	<word>
		<category>Animal</category>
		<text>housefly</text>
	</word>
	<word>
		<category>Animal</category>
		<text>humpback</text>
	</word>
	<word>
		<category>Animal</category>
		<text>icefish</text>
	</word>
	<word>
		<category>Animal</category>
		<text>inchworm</text>
	</word>
	<word>
		<category>Animal</category>
		<text>jaybird</text>
	</word>
	<word>
		<category>Animal</category>
		<text>jellyfish</text>
	</word>
	<word>
		<category>Animal</category>
		<text>jitterbug</text>
	</word>
	<word>
		<category>Animal</category>
		<text>ladybird</text>
	</word>
	<word>
		<category>Animal</category>
		<text>ladybug</text>
	</word>
	<word>
		<category>Animal</category>
		<text>lungfish</text>
	</word>
	<word>
		<category>Animal</category>
		<text>muskrat</text>
	</word>
	<word>
		<category>Animal</category>
		<text>pipefish</text>
	</word>
	<word>
		<category>Animal</category>
		<text>pitbull</text>
	</word>
	<word>
		<category>Animal</category>
		<text>polecat</text>
	</word>
	<word>
		<category>Animal</category>
		<text>purebred</text>
	</word>
	<word>
		<category>Animal</category>
		<text>racehorse</text>
	</word>
	<word>
		<category>Animal</category>
		<text>reindeer</text>
	</word>
	<word>
		<category>Animal</category>
		<text>ringworm</text>
	</word>
	<word>
		<category>Animal</category>
		<text>roadrunner</text>
	</word>
	<word>
		<category>Animal</category>
		<text>rockfish</text>
	</word>
	<word>
		<category>Animal</category>
		<text>sailfish</text>
	</word>
	<word>
		<category>Animal</category>
		<text>seahorse</text>
	</word>
	<word>
		<category>Animal</category>
		<text>seashell</text>
	</word>
	<word>
		<category>Animal</category>
		<text>sheepdog</text>
	</word>
	<word>
		<category>Animal</category>
		<text>shellfish</text>
	</word>
	<word>
		<category>Animal</category>
		<text>silkworm</text>
	</word>
	<word>
		<category>Animal</category>
		<text>songbird</text>
	</word>
	<word>
		<category>Animal</category>
		<text>starfish</text>
	</word>
	<word>
		<category>Animal</category>
		<text>stingray</text>
	</word>
	<word>
		<category>Animal</category>
		<text>sunfish</text>
	</word>
	<word>
		<category>Animal</category>
		<text>swordfish</text>
	</word>
	<word>
		<category>Animal</category>
		<text>tapeworm</text>
	</word>
	<word>
		<category>Animal</category>
		<text>tomcat</text>
	</word>
	<word>
		<category>Animal</category>
		<text>waterfowl</text>
	</word>
	<word>
		<category>Animal</category>
		<text>watchdog</text>
	</word>
	<word>
		<category>Animal</category>
		<text>whitefish</text>
	</word>
	<word>
		<category>Animal</category>
		<text>wildcat</text>
	</word>
	<word>
		<category>Animal</category>
		<text>wildlife</text>
	</word>
	<word>
		<category>Animal</category>
		<text>wolfhound</text>
	</word>
	<word>
		<category>Animal</category>
		<text>woodchuck</text>
	</word>
	<word>
		<category>Animal</category>
		<text>woodpecker</text>
	</word>
	<word>
		<category>Animal</category>
		<text>yellowtail</text>
	</word>
	<word>
		<category>Space</category>
		<text>earthbound</text>
	</word>
	<word>
		<category>Space</category>
		<text>flyby</text>
	</word>
	<word>
		<category>Space</category>
		<text>liftoff</text>
	</word>
	<word>
		<category>Space</category>
		<text>moonbeam</text>
	</word>
	<word>
		<category>Space</category>
		<text>moonlight</text>
	</word>
	<word>
		<category>Space</category>
		<text>payload</text>
	</word>
	<word>
		<category>Space</category>
		<text>polestar</text>
	</word>
	<word>
		<category>Space</category>
		<text>rocketship</text>
	</word>
	<word>
		<category>Space</category>
		<text>spacecraft</text>
	</word>
	<word>
		<category>Space</category>
		<text>spaceship</text>
	</word>
	<word>
		<category>Space</category>
		<text>stargazer</text>
	</word>
	<word>
		<category>Space</category>
		<text>starlight</text>
	</word>
	<word>
		<category>Space</category>
		<text>sunspot</text>
	</word>
	<word>
		<category>Space</category>
		<text>supernova</text>
	</word>
	<word>
		<category>Space</category>
		<text>wavelength</text>
	</word>
	<word>
		<category>Clothes</category>
		<text>armhole</text>
	</word>
	<word>
		<category>Clothes</category>
		<text>bathrobe</text>
	</word>
	<word>
		<category>Clothes</category>
		<text>backpack</text>
	</word>
	<word>
		<category>Clothes</category>
		<text>bedclothes</text>
	</word>
	<word>
		<category>Clothes</category>
		<text>briefcase</text>
	</word>
	<word>
		<category>Clothes</category>
		<text>buttonhole</text>
	</word>
	<word>
		<category>Clothes</category>
		<text>dressmaker</text>
	</word>
	<word>
		<category>Clothes</category>
		<text>earmuffs</text>
	</word>
	<word>
		<category>Clothes</category>
		<text>earphone</text>
	</word>
	<word>
		<category>Clothes</category>
		<text>earring</text>
	</word>
	<word>
		<category>Clothes</category>
		<text>eyeglasses</text>
	</word>
	<word>
		<category>Clothes</category>
		<text>footwear</text>
	</word>
	<word>
		<category>Clothes</category>
		<text>handbag</text>
	</word>
	<word>
		<category>Clothes</category>
		<text>headdress</text>
	</word>
	<word>
		<category>Clothes</category>
		<text>housecoat</text>
	</word>
	<word>
		<category>Clothes</category>
		<text>jumpsuit</text>
	</word>
	<word>
		<category>Clothes</category>
		<text>knapsack</text>
	</word>
	<word>
		<category>Clothes</category>
		<text>neckline</text>
	</word>
	<word>
		<category>Clothes</category>
		<text>necktie</text>
	</word>
	<word>
		<category>Clothes</category>
		<text>needlework</text>
	</word>
	<word>
		<category>Clothes</category>
		<text>nightgown</text>
	</word>
	<word>
		<category>Clothes</category>
		<text>nightshirt</text>
	</word>
	<word>
		<category>Clothes</category>
		<text>outerwear</text>
	</word>
	<word>
		<category>Clothes</category>
		<text>outfit</text>
	</word>
	<word>
		<category>Clothes</category>
		<text>overalls</text>
	</word>
	<word>
		<category>Clothes</category>
		<text>overcoat</text>
	</word>
	<word>
		<category>Clothes</category>
		<text>overshoe</text>
	</word>
	<word>
		<category>Clothes</category>
		<text>pocketbook</text>
	</word>
	<word>
		<category>Clothes</category>
		<text>pantsuit</text>
	</word>
	<word>
		<category>Clothes</category>
		<text>pantyhose</text>
	</word>
	<word>
		<category>Clothes</category>
		<text>pullover</text>
	</word>
	<word>
		<category>Clothes</category>
		<text>raincoat</text>
	</word>
	<word>
		<category>Clothes</category>
		<text>shoehorn</text>
	</word>
	<word>
		<category>Clothes</category>
		<text>shoelace</text>
	</word>
	<word>
		<category>Clothes</category>
		<text>snowshoe</text>
	</word>
	<word>
		<category>Clothes</category>
		<text>spacesuit</text>
	</word>
	<word>
		<category>Clothes</category>
		<text>sportswear</text>
	</word>
	<word>
		<category>Clothes</category>
		<text>suitcase</text>
	</word>
	<word>
		<category>Clothes</category>
		<text>sunbonnet</text>
	</word>
	<word>
		<category>Clothes</category>
		<text>sundress</text>
	</word>
	<word>
		<category>Clothes</category>
		<text>sunglasses</text>
	</word>
	<word>
		<category>Clothes</category>
		<text>sweatshirt</text>
	</word>
	<word>
		<category>Clothes</category>
		<text>swimsuit</text>
	</word>
	<word>
		<category>Clothes</category>
		<text>threadbare</text>
	</word>
	<word>
		<category>Clothes</category>
		<text>topcoat</text>
	</word>
	<word>
		<category>Clothes</category>
		<text>turtleneck</text>
	</word>
	<word>
		<category>Clothes</category>
		<text>undershirt</text>
	</word>
	<word>
		<category>Clothes</category>
		<text>underwear</text>
	</word>
	<word>
		<category>Clothes</category>
		<text>waistcoat</text>
	</word>
	<word>
		<category>Clothes</category>
		<text>wardrobe</text>
	</word>
	<word>
		<category>Clothes</category>
		<text>wetsuit</text>
	</word>
	<word>
		<category>Food</category>
		<text>applesauce</text>
	</word>
	<word>
		<category>Food</category>
		<text>blackberry</text>
	</word>
	<word>
		<category>Food</category>
		<text>blueberry</text>
	</word>
	<word>
		<category>Food</category>
		<text>breakfast</text>
	</word>
	<word>
		<category>Food</category>
		<text>buttermilk</text>
	</word>
	<word>
		<category>Food</category>
		<text>cheesecake</text>
	</word>
	<word>
		<category>Food</category>
		<text>chestnut</text>
	</word>
	<word>
		<category>Food</category>
		<text>chopsticks</text>
	</word>
	<word>
		<category>Food</category>
		<text>chickpea</text>
	</word>
	<word>
		<category>Food</category>
		<text>cookbook</text>
	</word>
	<word>
		<category>Food</category>
		<text>cornmeal</text>
	</word>
	<word>
		<category>Food</category>
		<text>cupcake</text>
	</word>
	<word>
		<category>Food</category>
		<text>doughnut</text>
	</word>
	<word>
		<category>Food</category>
		<text>drumstick</text>
	</word>
	<word>
		<category>Food</category>
		<text>eggnog</text>
	</word>
	<word>
		<category>Food</category>
		<text>eggplant</text>
	</word>
	<word>
		<category>Food</category>
		<text>flapjacks</text>
	</word>
	<word>
		<category>Food</category>
		<text>fruitcake</text>
	</word>
	<word>
		<category>Food</category>
		<text>grapefruit</text>
	</word>
	<word>
		<category>Food</category>
		<text>greenbean</text>
	</word>
	<word>
		<category>Food</category>
		<text>gumdrop</text>
	</word>
	<word>
		<category>Food</category>
		<text>hazelnut</text>
	</word>
	<word>
		<category>Food</category>
		<text>honeycomb</text>
	</word>
	<word>
		<category>Food</category>
		<text>honeydew</text>
	</word>
	<word>
		<category>Food</category>
		<text>jackfruit</text>
	</word>
	<word>
		<category>Food</category>
		<text>jawbreaker</text>
	</word>
	<word>
		<category>Food</category>
		<text>jellybean</text>
	</word>
	<word>
		<category>Food</category>
		<text>leftovers</text>
	</word>
	<word>
		<category>Food</category>
		<text>lunchmeat</text>
	</word>
	<word>
		<category>Food</category>
		<text>lunchroom</text>
	</word>
	<word>
		<category>Food</category>
		<text>mealtime</text>
	</word>
	<word>
		<category>Food</category>
		<text>meatball</text>
	</word>
	<word>
		<category>Food</category>
		<text>meatloaf</text>
	</word>
	<word>
		<category>Food</category>
		<text>milkshake</text>
	</word>
	<word>
		<category>Food</category>
		<text>nutmeg</text>
	</word>
	<word>
		<category>Food</category>
		<text>nutshell</text>
	</word>
	<word>
		<category>Food</category>
		<text>oatmeal</text>
	</word>
	<word>
		<category>Food</category>
		<text>overcook</text>
	</word>
	<word>
		<category>Food</category>
		<text>pancake</text>
	</word>
	<word>
		<category>Food</category>
		<text>peanut</text>
	</word>
	<word>
		<category>Food</category>
		<text>peapod</text>
	</word>
	<word>
		<category>Food</category>
		<text>peppercorn</text>
	</word>
	<word>
		<category>Food</category>
		<text>peppermint</text>
	</word>
	<word>
		<category>Food</category>
		<text>pineapple</text>
	</word>
	<word>
		<category>Food</category>
		<text>popcorn</text>
	</word>
	<word>
		<category>Food</category>
		<text>popover</text>
	</word>
	<word>
		<category>Food</category>
		<text>potluck</text>
	</word>
	<word>
		<category>Food</category>
		<text>potpie</text>
	</word>
	<word>
		<category>Food</category>
		<text>rosemary</text>
	</word>
	<word>
		<category>Food</category>
		<text>saltshaker</text>
	</word>
	<word>
		<category>Food</category>
		<text>saucepan</text>
	</word>
	<word>
		<category>Food</category>
		<text>seafood</text>
	</word>
	<word>
		<category>Food</category>
		<text>seaweed</text>
	</word>
	<word>
		<category>Food</category>
		<text>shellfish</text>
	</word>
	<word>
		<category>Food</category>
		<text>shortbread</text>
	</word>
	<word>
		<category>Food</category>
		<text>shortcake</text>
	</word>
	<word>
		<category>Food</category>
		<text>silverware</text>
	</word>
	<word>
		<category>Food</category>
		<text>soybean</text>
	</word>
	<word>
		<category>Food</category>
		<text>spareribs</text>
	</word>
	<word>
		<category>Food</category>
		<text>strawberry</text>
	</word>
	<word>
		<category>Food</category>
		<text>sugarplum</text>
	</word>
	<word>
		<category>Food</category>
		<text>sunflower</text>
	</word>
	<word>
		<category>Food</category>
		<text>sweetbread</text>
	</word>
	<word>
		<category>Food</category>
		<text>sweetmeat</text>
	</word>
	<word>
		<category>Food</category>
		<text>tablecloth</text>
	</word>
	<word>
		<category>Food</category>
		<text>tablespoon</text>
	</word>
	<word>
		<category>Food</category>
		<text>teapot</text>
	</word>
	<word>
		<category>Food</category>
		<text>teaspoon</text>
	</word>
	<word>
		<category>Food</category>
		<text>teacup</text>
	</word>
	<word>
		<category>Food</category>
		<text>toothpick</text>
	</word>
	<word>
		<category>Food</category>
		<text>turnover</text>
	</word>
	<word>
		<category>Food</category>
		<text>undercook</text>
	</word>
	<word>
		<category>Food</category>
		<text>watercress</text>
	</word>
	<word>
		<category>Food</category>
		<text>watermelon</text>
	</word>
	<word>
		<category>Food</category>
		<text>wishbone</text>
	</word>
	<word>
		<category>House</category>
		<text>armchair</text>
	</word>
	<word>
		<category>House</category>
		<text>bathroom</text>
	</word>
	<word>
		<category>House</category>
		<text>bedspread</text>
	</word>
	<word>
		<category>House</category>
		<text>bedroom</text>
	</word>
	<word>
		<category>House</category>
		<text>bookcase</text>
	</word>
	<word>
		<category>House</category>
		<text>bookshelf</text>
	</word>
	<word>
		<category>House</category>
		<text>carport</text>
	</word>
	<word>
		<category>House</category>
		<text>corkscrew</text>
	</word>
	<word>
		<category>House</category>
		<text>courtyard</text>
	</word>
	<word>
		<category>House</category>
		<text>cupboard</text>
	</word>
	<word>
		<category>House</category>
		<text>desktop</text>
	</word>
	<word>
		<category>House</category>
		<text>dishcloth</text>
	</word>
	<word>
		<category>House</category>
		<text>dishwasher</text>
	</word>
	<word>
		<category>House</category>
		<text>doorbell</text>
	</word>
	<word>
		<category>House</category>
		<text>doorknob</text>
	</word>
	<word>
		<category>House</category>
		<text>doormat</text>
	</word>
	<word>
		<category>House</category>
		<text>doorstep</text>
	</word>
	<word>
		<category>House</category>
		<text>doorstop</text>
	</word>
	<word>
		<category>House</category>
		<text>doorway</text>
	</word>
	<word>
		<category>House</category>
		<text>downstairs</text>
	</word>
	<word>
		<category>House</category>
		<text>drainpipe</text>
	</word>
	<word>
		<category>House</category>
		<text>driveway</text>
	</word>
	<word>
		<category>House</category>
		<text>dustpan</text>
	</word>
	<word>
		<category>House</category>
		<text>enamelware</text>
	</word>
	<word>
		<category>House</category>
		<text>entryway</text>
	</word>
	<word>
		<category>House</category>
		<text>flashlight</text>
	</word>
	<word>
		<category>House</category>
		<text>fireplace</text>
	</word>
	<word>
		<category>House</category>
		<text>flagpole</text>
	</word>
	<word>
		<category>House</category>
		<text>flatware</text>
	</word>
	<word>
		<category>House</category>
		<text>floorboard</text>
	</word>
	<word>
		<category>House</category>
		<text>footboard</text>
	</word>
	<word>
		<category>House</category>
		<text>greenhouse</text>
	</word>
	<word>
		<category>House</category>
		<text>hairbrush</text>
	</word>
	<word>
		<category>House</category>
		<text>hallway</text>
	</word>
	<word>
		<category>House</category>
		<text>headboard</text>
	</word>
	<word>
		<category>House</category>
		<text>heirloom</text>
	</word>
	<word>
		<category>House</category>
		<text>houseboat</text>
	</word>
	<word>
		<category>House</category>
		<text>household</text>
	</word>
	<word>
		<category>House</category>
		<text>housewife</text>
	</word>
	<word>
		<category>House</category>
		<text>housework</text>
	</word>
	<word>
		<category>House</category>
		<text>keyhole</text>
	</word>
	<word>
		<category>House</category>
		<text>mailbox</text>
	</word>
	<word>
		<category>House</category>
		<text>patchwork</text>
	</word>
	<word>
		<category>House</category>
		<text>playpen</text>
	</word>
	<word>
		<category>House</category>
		<text>pillowcase</text>
	</word>
	<word>
		<category>House</category>
		<text>pincushion</text>
	</word>
	<word>
		<category>House</category>
		<text>potholder</text>
	</word>
	<word>
		<category>House</category>
		<text>saucepan</text>
	</word>
	<word>
		<category>House</category>
		<text>stepladder</text>
	</word>
	<word>
		<category>House</category>
		<text>silverware</text>
	</word>
	<word>
		<category>House</category>
		<text>skylight</text>
	</word>
	<word>
		<category>House</category>
		<text>slipcover</text>
	</word>
	<word>
		<category>House</category>
		<text>staircase</text>
	</word>
	<word>
		<category>House</category>
		<text>stairway</text>
	</word>
	<word>
		<category>House</category>
		<text>tablecloth</text>
	</word>
	<word>
		<category>House</category>
		<text>teapot</text>
	</word>
	<word>
		<category>House</category>
		<text>toothbrush</text>
	</word>
	<word>
		<category>House</category>
		<text>toothpaste</text>
	</word>
	<word>
		<category>House</category>
		<text>upstairs</text>
	</word>
	<word>
		<category>House</category>
		<text>wallpaper</text>
	</word>
	<word>
		<category>House</category>
		<text>wardrobe</text>
	</word>
	<word>
		<category>House</category>
		<text>washboard</text>
	</word>
	<word>
		<category>House</category>
		<text>washcloth</text>
	</word>
	<word>
		<category>House</category>
		<text>washstand</text>
	</word>
	<word>
		<category>House</category>
		<text>windowpane</text>
	</word>
	<word>
		<category>House</category>
		<text>windowsill</text>
	</word>
	<word>
		<category>People</category>
		<text>anybody</text>
	</word>
	<word>
		<category>People</category>
		<text>anyone</text>
	</word>
	<word>
		<category>People</category>
		<text>bellhop</text>
	</word>
	<word>
		<category>People</category>
		<text>bookbinder</text>
	</word>
	<word>
		<category>People</category>
		<text>bookkeeper</text>
	</word>
	<word>
		<category>People</category>
		<text>bookworm</text>
	</word>
	<word>
		<category>People</category>
		<text>boyfriend</text>
	</word>
	<word>
		<category>People</category>
		<text>bridegroom</text>
	</word>
	<word>
		<category>People</category>
		<text>caretaker</text>
	</word>
	<word>
		<category>People</category>
		<text>carhop</text>
	</word>
	<word>
		<category>People</category>
		<text>chairman</text>
	</word>
	<word>
		<category>People</category>
		<text>chairwoman</text>
	</word>
	<word>
		<category>People</category>
		<text>cheapskate</text>
	</word>
	<word>
		<category>People</category>
		<text>classmate</text>
	</word>
	<word>
		<category>People</category>
		<text>copycat</text>
	</word>
	<word>
		<category>People</category>
		<text>copywriter</text>
	</word>
	<word>
		<category>People</category>
		<text>cowboy</text>
	</word>
	<word>
		<category>People</category>
		<text>cowgirl</text>
	</word>
	<word>
		<category>People</category>
		<text>craftsman</text>
	</word>
	<word>
		<category>People</category>
		<text>daredevil</text>
	</word>
	<word>
		<category>People</category>
		<text>daydreamer</text>
	</word>
	<word>
		<category>People</category>
		<text>dimwit</text>
	</word>
	<word>
		<category>People</category>
		<text>dumbbell</text>
	</word>
	<word>
		<category>People</category>
		<text>dogcatcher</text>
	</word>
	<word>
		<category>People</category>
		<text>dropout</text>
	</word>
	<word>
		<category>People</category>
		<text>doorman</text>
	</word>
	<word>
		<category>People</category>
		<text>everybody</text>
	</word>
	<word>
		<category>People</category>
		<text>everyone</text>
	</word>
	<word>
		<category>People</category>
		<text>eyewitness</text>
	</word>
	<word>
		<category>People</category>
		<text>farmhand</text>
	</word>
	<word>
		<category>People</category>
		<text>fireman</text>
	</word>
	<word>
		<category>People</category>
		<text>fisherman</text>
	</word>
	<word>
		<category>People</category>
		<text>footman</text>
	</word>
	<word>
		<category>People</category>
		<text>foreman</text>
	</word>
	<word>
		<category>People</category>
		<text>freshman</text>
	</word>
	<word>
		<category>People</category>
		<text>frogman</text>
	</word>
	<word>
		<category>People</category>
		<text>gentleman</text>
	</word>
	<word>
		<category>People</category>
		<text>girlfriend</text>
	</word>
	<word>
		<category>People</category>
		<text>goalkeeper</text>
	</word>
	<word>
		<category>People</category>
		<text>goldsmith</text>
	</word>
	<word>
		<category>People</category>
		<text>grandchild</text>
	</word>
	<word>
		<category>People</category>
		<text>grandma</text>
	</word>
	<word>
		<category>People</category>
		<text>grandpa</text>
	</word>
	<word>
		<category>People</category>
		<text>grandson</text>
	</word>
	<word>
		<category>People</category>
		<text>grownup</text>
	</word>
	<word>
		<category>People</category>
		<text>handyman</text>
	</word>
	<word>
		<category>People</category>
		<text>hangman</text>
	</word>
	<word>
		<category>People</category>
		<text>headhunter</text>
	</word>
	<word>
		<category>People</category>
		<text>heartthrob</text>
	</word>
	<word>
		<category>People</category>
		<text>herself</text>
	</word>
	<word>
		<category>People</category>
		<text>horseman</text>
	</word>
	<word>
		<category>People</category>
		<text>housewife</text>
	</word>
	<word>
		<category>People</category>
		<text>homeowner</text>
	</word>
	<word>
		<category>People</category>
		<text>himself</text>
	</word>
	<word>
		<category>People</category>
		<text>humankind</text>
	</word>
	<word>
		<category>People</category>
		<text>hunchback</text>
	</word>
	<word>
		<category>People</category>
		<text>inmate</text>
	</word>
	<word>
		<category>People</category>
		<text>landlord</text>
	</word>
	<word>
		<category>People</category>
		<text>landowner</text>
	</word>
	<word>
		<category>People</category>
		<text>lifeguard</text>
	</word>
	<word>
		<category>People</category>
		<text>litterbug</text>
	</word>
	<word>
		<category>People</category>
		<text>locksmith</text>
	</word>
	<word>
		<category>People</category>
		<text>loudmouth</text>
	</word>
	<word>
		<category>People</category>
		<text>lumberjack</text>
	</word>
	<word>
		<category>People</category>
		<text>mailman</text>
	</word>
	<word>
		<category>People</category>
		<text>mankind</text>
	</word>
	<word>
		<category>People</category>
		<text>marksman</text>
	</word>
	<word>
		<category>People</category>
		<text>mastermind</text>
	</word>
	<word>
		<category>People</category>
		<text>matchmaker</text>
	</word>
	<word>
		<category>People</category>
		<text>middleman</text>
	</word>
	<word>
		<category>People</category>
		<text>midshipman</text>
	</word>
	<word>
		<category>People</category>
		<text>myself</text>
	</word>
	<word>
		<category>People</category>
		<text>newborn</text>
	</word>
	<word>
		<category>People</category>
		<text>nobleman</text>
	</word>
	<word>
		<category>People</category>
		<text>nobody</text>
	</word>
	<word>
		<category>People</category>
		<text>offspring</text>
	</word>
	<word>
		<category>People</category>
		<text>oneself</text>
	</word>
	<word>
		<category>People</category>
		<text>onlooker</text>
	</word>
	<word>
		<category>People</category>
		<text>ourselves</text>
	</word>
	<word>
		<category>People</category>
		<text>outcast</text>
	</word>
	<word>
		<category>People</category>
		<text>outlaw</text>
	</word>
	<word>
		<category>People</category>
		<text>panhandler</text>
	</word>
	<word>
		<category>People</category>
		<text>pawnbroker</text>
	</word>
	<word>
		<category>People</category>
		<text>peacemaker</text>
	</word>
	<word>
		<category>People</category>
		<text>pickpocket</text>
	</word>
	<word>
		<category>People</category>
		<text>policeman</text>
	</word>
	<word>
		<category>People</category>
		<text>postmaster</text>
	</word>
	<word>
		<category>People</category>
		<text>pushover</text>
	</word>
	<word>
		<category>People</category>
		<text>redhead</text>
	</word>
	<word>
		<category>People</category>
		<text>ringleader</text>
	</word>
	<word>
		<category>People</category>
		<text>roommate</text>
	</word>
	<word>
		<category>People</category>
		<text>roughneck</text>
	</word>
	<word>
		<category>People</category>
		<text>runaway</text>
	</word>
	<word>
		<category>People</category>
		<text>salesman</text>
	</word>
	<word>
		<category>People</category>
		<text>saleswoman</text>
	</word>
	<word>
		<category>People</category>
		<text>sandman</text>
	</word>
	<word>
		<category>People</category>
		<text>shipmate</text>
	</word>
	<word>
		<category>People</category>
		<text>shopkeeper</text>
	</word>
	<word>
		<category>People</category>
		<text>showman</text>
	</word>
	<word>
		<category>People</category>
		<text>showoff</text>
	</word>
	<word>
		<category>People</category>
		<text>sightseer</text>
	</word>
	<word>
		<category>People</category>
		<text>signalman</text>
	</word>
	<word>
		<category>People</category>
		<text>sleepyhead</text>
	</word>
	<word>
		<category>People</category>
		<text>somebody</text>
	</word>
	<word>
		<category>People</category>
		<text>someone</text>
	</word>
	<word>
		<category>People</category>
		<text>spoilsport</text>
	</word>
	<word>
		<category>People</category>
		<text>stargazer</text>
	</word>
	<word>
		<category>People</category>
		<text>statesman</text>
	</word>
	<word>
		<category>People</category>
		<text>stepfather</text>
	</word>
	<word>
		<category>People</category>
		<text>stepmother</text>
	</word>
	<word>
		<category>People</category>
		<text>stepsister</text>
	</word>
	<word>
		<category>People</category>
		<text>stepson</text>
	</word>
	<word>
		<category>People</category>
		<text>stowaway</text>
	</word>
	<word>
		<category>People</category>
		<text>superhuman</text>
	</word>
	<word>
		<category>People</category>
		<text>superman</text>
	</word>
	<word>
		<category>People</category>
		<text>superwoman</text>
	</word>
	<word>
		<category>People</category>
		<text>sweetheart</text>
	</word>
	<word>
		<category>People</category>
		<text>tattletale</text>
	</word>
	<word>
		<category>People</category>
		<text>themselves</text>
	</word>
	<word>
		<category>People</category>
		<text>tradesman</text>
	</word>
	<word>
		<category>People</category>
		<text>turncoat</text>
	</word>
	<word>
		<category>People</category>
		<text>underdog</text>
	</word>
	<word>
		<category>People</category>
		<text>undertaker</text>
	</word>
	<word>
		<category>People</category>
		<text>wallflower</text>
	</word>
	<word>
		<category>People</category>
		<text>whomever</text>
	</word>
	<word>
		<category>People</category>
		<text>woodcarver</text>
	</word>
	<word>
		<category>People</category>
		<text>woodcutter</text>
	</word>
	<word>
		<category>People</category>
		<text>woodsman</text>
	</word>
	<word>
		<category>People</category>
		<text>workman</text>
	</word>
	<word>
		<category>People</category>
		<text>yourself</text>
	</word>
	<word>
		<category>People</category>
		<text>zookeeper</text>
	</word>
	<word>
		<category>People</category>
		<text>whoever</text>
	</word>
	<word>
		<category>People</category>
		<text>whomever</text>
	</word>
	<word>
		<category>Place</category>
		<text>anyplace</text>
	</word>
	<word>
		<category>Place</category>
		<text>anywhere</text>
	</word>
	<word>
		<category>Place</category>
		<text>backwater</text>
	</word>
	<word>
		<category>Place</category>
		<text>backwoods</text>
	</word>
	<word>
		<category>Place</category>
		<text>backyard</text>
	</word>
	<word>
		<category>Place</category>
		<text>badlands</text>
	</word>
	<word>
		<category>Place</category>
		<text>barnyard</text>
	</word>
	<word>
		<category>Place</category>
		<text>birthplace</text>
	</word>
	<word>
		<category>Place</category>
		<text>carport</text>
	</word>
	<word>
		<category>Place</category>
		<text>checkroom</text>
	</word>
	<word>
		<category>Place</category>
		<text>cornfield</text>
	</word>
	<word>
		<category>Place</category>
		<text>courthouse</text>
	</word>
	<word>
		<category>Place</category>
		<text>courtyard</text>
	</word>
	<word>
		<category>Place</category>
		<text>crossroad</text>
	</word>
	<word>
		<category>Place</category>
		<text>crosswalk</text>
	</word>
	<word>
		<category>Place</category>
		<text>doorway</text>
	</word>
	<word>
		<category>Place</category>
		<text>downhill</text>
	</word>
	<word>
		<category>Place</category>
		<text>downstairs</text>
	</word>
	<word>
		<category>Place</category>
		<text>downtown</text>
	</word>
	<word>
		<category>Place</category>
		<text>driveway</text>
	</word>
	<word>
		<category>Place</category>
		<text>drugstore</text>
	</word>
	<word>
		<category>Place</category>
		<text>elsewhere</text>
	</word>
	<word>
		<category>Place</category>
		<text>entryway</text>
	</word>
	<word>
		<category>Place</category>
		<text>everywhere</text>
	</word>
	<word>
		<category>Place</category>
		<text>farmhouse</text>
	</word>
	<word>
		<category>Place</category>
		<text>farmyard</text>
	</word>
	<word>
		<category>Place</category>
		<text>flowerbed</text>
	</word>
	<word>
		<category>Place</category>
		<text>foxhole</text>
	</word>
	<word>
		<category>Place</category>
		<text>freeway</text>
	</word>
	<word>
		<category>Place</category>
		<text>fatherland</text>
	</word>
	<word>
		<category>Place</category>
		<text>grasslands</text>
	</word>
	<word>
		<category>Place</category>
		<text>graveyard</text>
	</word>
	<word>
		<category>Place</category>
		<text>greenhouse</text>
	</word>
	<word>
		<category>Place</category>
		<text>hallway</text>
	</word>
	<word>
		<category>Place</category>
		<text>hangout</text>
	</word>
	<word>
		<category>Place</category>
		<text>hillside</text>
	</word>
	<word>
		<category>Place</category>
		<text>hilltop</text>
	</word>
	<word>
		<category>Place</category>
		<text>headland</text>
	</word>
	<word>
		<category>Place</category>
		<text>highway</text>
	</word>
	<word>
		<category>Place</category>
		<text>highlands</text>
	</word>
	<word>
		<category>Place</category>
		<text>hideaway</text>
	</word>
	<word>
		<category>Place</category>
		<text>homeland</text>
	</word>
	<word>
		<category>Place</category>
		<text>household</text>
	</word>
	<word>
		<category>Place</category>
		<text>inland</text>
	</word>
	<word>
		<category>Place</category>
		<text>lighthouse</text>
	</word>
	<word>
		<category>Place</category>
		<text>lunchroom</text>
	</word>
	<word>
		<category>Place</category>
		<text>mainland</text>
	</word>
	<word>
		<category>Place</category>
		<text>newsstand</text>
	</word>
	<word>
		<category>Place</category>
		<text>northeast</text>
	</word>
	<word>
		<category>Place</category>
		<text>northwest</text>
	</word>
	<word>
		<category>Place</category>
		<text>nowhere</text>
	</word>
	<word>
		<category>Place</category>
		<text>offshore</text>
	</word>
	<word>
		<category>Place</category>
		<text>outdoors</text>
	</word>
	<word>
		<category>Place</category>
		<text>outfield</text>
	</word>
	<word>
		<category>Place</category>
		<text>overhead</text>
	</word>
	<word>
		<category>Place</category>
		<text>overpass</text>
	</word>
	<word>
		<category>Place</category>
		<text>outhouse</text>
	</word>
	<word>
		<category>Place</category>
		<text>parkway</text>
	</word>
	<word>
		<category>Place</category>
		<text>pathway</text>
	</word>
	<word>
		<category>Place</category>
		<text>playground</text>
	</word>
	<word>
		<category>Place</category>
		<text>playpen</text>
	</word>
	<word>
		<category>Place</category>
		<text>pigpen</text>
	</word>
	<word>
		<category>Place</category>
		<text>pigsty</text>
	</word>
	<word>
		<category>Place</category>
		<text>ringside</text>
	</word>
	<word>
		<category>Place</category>
		<text>riverside</text>
	</word>
	<word>
		<category>Place</category>
		<text>roadbed</text>
	</word>
	<word>
		<category>Place</category>
		<text>roadside</text>
	</word>
	<word>
		<category>Place</category>
		<text>roadway</text>
	</word>
	<word>
		<category>Place</category>
		<text>runway</text>
	</word>
	<word>
		<category>Place</category>
		<text>schoolroom</text>
	</word>
	<word>
		<category>Place</category>
		<text>seashore</text>
	</word>
	<word>
		<category>Place</category>
		<text>seasick</text>
	</word>
	<word>
		<category>Place</category>
		<text>seaside</text>
	</word>
	<word>
		<category>Place</category>
		<text>shipwreck</text>
	</word>
	<word>
		<category>Place</category>
		<text>shipyard</text>
	</word>
	<word>
		<category>Place</category>
		<text>sidewalk</text>
	</word>
	<word>
		<category>Place</category>
		<text>skyscraper</text>
	</word>
	<word>
		<category>Place</category>
		<text>smokestack</text>
	</word>
	<word>
		<category>Place</category>
		<text>someplace</text>
	</word>
	<word>
		<category>Place</category>
		<text>somewhere</text>
	</word>
	<word>
		<category>Place</category>
		<text>staircase</text>
	</word>
	<word>
		<category>Place</category>
		<text>stairway</text>
	</word>
	<word>
		<category>Place</category>
		<text>stronghold</text>
	</word>
	<word>
		<category>Place</category>
		<text>southeast</text>
	</word>
	<word>
		<category>Place</category>
		<text>southwest</text>
	</word>
	<word>
		<category>Place</category>
		<text>shoreline</text>
	</word>
	<word>
		<category>Place</category>
		<text>stateside</text>
	</word>
	<word>
		<category>Place</category>
		<text>storehouse</text>
	</word>
	<word>
		<category>Place</category>
		<text>turnpike</text>
	</word>
	<word>
		<category>Place</category>
		<text>undersea</text>
	</word>
	<word>
		<category>Place</category>
		<text>underwater</text>
	</word>
	<word>
		<category>Place</category>
		<text>underworld</text>
	</word>
	<word>
		<category>Place</category>
		<text>upstairs</text>
	</word>
	<word>
		<category>Place</category>
		<text>uphill</text>
	</word>
	<word>
		<category>Place</category>
		<text>uppermost</text>
	</word>
	<word>
		<category>Place</category>
		<text>upstate</text>
	</word>
	<word>
		<category>Place</category>
		<text>vineyard</text>
	</word>
	<word>
		<category>Place</category>
		<text>walkway</text>
	</word>
	<word>
		<category>Place</category>
		<text>warehouse</text>
	</word>
	<word>
		<category>Place</category>
		<text>wasteland</text>
	</word>
	<word>
		<category>Place</category>
		<text>waterfall</text>
	</word>
	<word>
		<category>Place</category>
		<text>waterfront</text>
	</word>
	<word>
		<category>Place</category>
		<text>waterway</text>
	</word>
	<word>
		<category>Place</category>
		<text>waterworks</text>
	</word>
	<word>
		<category>Place</category>
		<text>wayside</text>
	</word>
	<word>
		<category>Place</category>
		<text>wetlands</text>
	</word>
	<word>
		<category>Place</category>
		<text>wonderland</text>
	</word>
	<word>
		<category>Place</category>
		<text>woodland</text>
	</word>
	<word>
		<category>Place</category>
		<text>workplace</text>
	</word>
	<word>
		<category>Place</category>
		<text>workroom</text>
	</word>
	<word>
		<category>Place</category>
		<text>workshop</text>
	</word>
	<word>
		<category>Sport</category>
		<text>backhand</text>
	</word>
	<word>
		<category>Sport</category>
		<text>backstroke</text>
	</word>
	<word>
		<category>Sport</category>
		<text>ballplayer</text>
	</word>
	<word>
		<category>Sport</category>
		<text>barbells</text>
	</word>
	<word>
		<category>Sport</category>
		<text>baseball</text>
	</word>
	<word>
		<category>Sport</category>
		<text>basketball</text>
	</word>
	<word>
		<category>Sport</category>
		<text>benchpress</text>
	</word>
	<word>
		<category>Sport</category>
		<text>bullpen</text>
	</word>
	<word>
		<category>Sport</category>
		<text>cartwheel</text>
	</word>
	<word>
		<category>Sport</category>
		<text>checkmate</text>
	</word>
	<word>
		<category>Sport</category>
		<text>crossbow</text>
	</word>
	<word>
		<category>Sport</category>
		<text>dugout</text>
	</word>
	<word>
		<category>Sport</category>
		<text>dumbbell</text>
	</word>
	<word>
		<category>Sport</category>
		<text>foursquare</text>
	</word>
	<word>
		<category>Sport</category>
		<text>flyweight</text>
	</word>
	<word>
		<category>Sport</category>
		<text>football</text>
	</word>
	<word>
		<category>Sport</category>
		<text>footlocker</text>
	</word>
	<word>
		<category>Sport</category>
		<text>fullback</text>
	</word>
	<word>
		<category>Sport</category>
		<text>goalkeeper</text>
	</word>
	<word>
		<category>Sport</category>
		<text>goalpost</text>
	</word>
	<word>
		<category>Sport</category>
		<text>gridiron</text>
	</word>
	<word>
		<category>Sport</category>
		<text>halfback</text>
	</word>
	<word>
		<category>Sport</category>
		<text>handball</text>
	</word>
	<word>
		<category>Sport</category>
		<text>handspring</text>
	</word>
	<word>
		<category>Sport</category>
		<text>handstand</text>
	</word>
	<word>
		<category>Sport</category>
		<text>headlock</text>
	</word>
	<word>
		<category>Sport</category>
		<text>headstand</text>
	</word>
	<word>
		<category>Sport</category>
		<text>hopscotch</text>
	</word>
	<word>
		<category>Sport</category>
		<text>horseshoe</text>
	</word>
	<word>
		<category>Sport</category>
		<text>infield</text>
	</word>
	<word>
		<category>Sport</category>
		<text>jackknife</text>
	</word>
	<word>
		<category>Sport</category>
		<text>kickoff</text>
	</word>
	<word>
		<category>Sport</category>
		<text>kickstand</text>
	</word>
	<word>
		<category>Sport</category>
		<text>leapfrog</text>
	</word>
	<word>
		<category>Sport</category>
		<text>linebacker</text>
	</word>
	<word>
		<category>Sport</category>
		<text>nosedive</text>
	</word>
	<word>
		<category>Sport</category>
		<text>oarsman</text>
	</word>
	<word>
		<category>Sport</category>
		<text>outfield</text>
	</word>
	<word>
		<category>Sport</category>
		<text>outrun</text>
	</word>
	<word>
		<category>Sport</category>
		<text>pigskin</text>
	</word>
	<word>
		<category>Sport</category>
		<text>rainout</text>
	</word>
	<word>
		<category>Sport</category>
		<text>skateboard</text>
	</word>
	<word>
		<category>Sport</category>
		<text>shortstop</text>
	</word>
	<word>
		<category>Sport</category>
		<text>sideline</text>
	</word>
	<word>
		<category>Sport</category>
		<text>sidestroke</text>
	</word>
	<word>
		<category>Sport</category>
		<text>snowball</text>
	</word>
	<word>
		<category>Sport</category>
		<text>snowboard</text>
	</word>
	<word>
		<category>Sport</category>
		<text>snowshoe</text>
	</word>
	<word>
		<category>Sport</category>
		<text>softball</text>
	</word>
	<word>
		<category>Sport</category>
		<text>spoilsport</text>
	</word>
	<word>
		<category>Sport</category>
		<text>sportscast</text>
	</word>
	<word>
		<category>Sport</category>
		<text>sportsman</text>
	</word>
	<word>
		<category>Sport</category>
		<text>sportswear</text>
	</word>
	<word>
		<category>Sport</category>
		<text>surfboard</text>
	</word>
	<word>
		<category>Sport</category>
		<text>tailback</text>
	</word>
	<word>
		<category>Sport</category>
		<text>teammate</text>
	</word>
	<word>
		<category>Sport</category>
		<text>touchdown</text>
	</word>
	<word>
		<category>Sport</category>
		<text>treadmill</text>
	</word>
	<word>
		<category>Sport</category>
		<text>uppercut</text>
	</word>
	<word>
		<category>Sport</category>
		<text>volleyball</text>
	</word>
	<word>
		<category>Sport</category>
		<text>yachtsman</text>
	</word>
	<word>
		<category>Transport</category>
		<text>airbag</text>
	</word>
	<word>
		<category>Transport</category>
		<text>aircraft</text>
	</word>
	<word>
		<category>Transport</category>
		<text>airline</text>
	</word>
	<word>
		<category>Transport</category>
		<text>airplane</text>
	</word>
	<word>
		<category>Transport</category>
		<text>airport</text>
	</word>
	<word>
		<category>Transport</category>
		<text>boxcar</text>
	</word>
	<word>
		<category>Transport</category>
		<text>bulkhead</text>
	</word>
	<word>
		<category>Transport</category>
		<text>cockpit</text>
	</word>
	<word>
		<category>Transport</category>
		<text>crossroads</text>
	</word>
	<word>
		<category>Transport</category>
		<text>dashboard</text>
	</word>
	<word>
		<category>Transport</category>
		<text>dugout</text>
	</word>
	<word>
		<category>Transport</category>
		<text>fireboat</text>
	</word>
	<word>
		<category>Transport</category>
		<text>freeway</text>
	</word>
	<word>
		<category>Transport</category>
		<text>gearshift</text>
	</word>
	<word>
		<category>Transport</category>
		<text>headlight</text>
	</word>
	<word>
		<category>Transport</category>
		<text>highway</text>
	</word>
	<word>
		<category>Transport</category>
		<text>horsepower</text>
	</word>
	<word>
		<category>Transport</category>
		<text>houseboat</text>
	</word>
	<word>
		<category>Transport</category>
		<text>hovercraft</text>
	</word>
	<word>
		<category>Transport</category>
		<text>lifeboat</text>
	</word>
	<word>
		<category>Transport</category>
		<text>motorboat</text>
	</word>
	<word>
		<category>Transport</category>
		<text>motorcycle</text>
	</word>
	<word>
		<category>Transport</category>
		<text>overpass</text>
	</word>
	<word>
		<category>Transport</category>
		<text>pothole</text>
	</word>
	<word>
		<category>Transport</category>
		<text>powerboat</text>
	</word>
	<word>
		<category>Transport</category>
		<text>pushcart</text>
	</word>
	<word>
		<category>Transport</category>
		<text>railroad</text>
	</word>
	<word>
		<category>Transport</category>
		<text>railway</text>
	</word>
	<word>
		<category>Transport</category>
		<text>roadbed</text>
	</word>
	<word>
		<category>Transport</category>
		<text>roadside</text>
	</word>
	<word>
		<category>Transport</category>
		<text>roadway</text>
	</word>
	<word>
		<category>Transport</category>
		<text>rowboat</text>
	</word>
	<word>
		<category>Transport</category>
		<text>sailboat</text>
	</word>
	<word>
		<category>Transport</category>
		<text>sidecar</text>
	</word>
	<word>
		<category>Transport</category>
		<text>spacecraft</text>
	</word>
	<word>
		<category>Transport</category>
		<text>spaceship</text>
	</word>
	<word>
		<category>Transport</category>
		<text>stagecoach</text>
	</word>
	<word>
		<category>Transport</category>
		<text>starship</text>
	</word>
	<word>
		<category>Transport</category>
		<text>steamboat</text>
	</word>
	<word>
		<category>Transport</category>
		<text>steamship</text>
	</word>
	<word>
		<category>Transport</category>
		<text>streetcar</text>
	</word>
	<word>
		<category>Transport</category>
		<text>taxicab</text>
	</word>
	<word>
		<category>Transport</category>
		<text>tollbooth</text>
	</word>
	<word>
		<category>Transport</category>
		<text>tollgate</text>
	</word>
	<word>
		<category>Transport</category>
		<text>tugboat</text>
	</word>
	<word>
		<category>Transport</category>
		<text>turnpike</text>
	</word>
	<word>
		<category>Transport</category>
		<text>warship</text>
	</word>
	<word>
		<category>Transport</category>
		<text>windshield</text>
	</word>
	<word>
		<category>Mythical</category>
		<text>mermaid</text>
	</word>
</words>